งวด,เลขที่ออก,หลักสิบ,หลักหน่วย
ตรวจสลากกินแบ่งรัฐบาล ตรวจหวย 17 มกราคม 2567,61,6,1
ตรวจสลากกินแบ่งรัฐบาล ตรวจหวย 30 ธันวาคม 2566,89,8,9
ตรวจสลากกินแบ่งรัฐบาล ตรวจหวย 16 ธันวาคม 2566,85,8,5
ตรวจสลากกินแบ่งรัฐบาล ตรวจหวย 1 ธันวาคม 2566,91,9,1
ตรวจสลากกินแบ่งรัฐบาล ตรวจหวย 16 พฤศจิกายน 2566,14,1,4
ตรวจสลากกินแบ่งรัฐบาล ตรวจหวย 1 พฤศจิกายน 2566,63,6,3
ตรวจสลากกินแบ่งรัฐบาล ตรวจหวย 16 ตุลาคม 2566,44,4,4
ตรวจสลากกินแบ่งรัฐบาล ตรวจหวย 1 ตุลาคม 2566,66,6,6
ตรวจสลากกินแบ่งรัฐบาล ตรวจหวย 16 กันยายน 2566,46,4,6
ตรวจสลากกินแบ่งรัฐบาล ตรวจหวย 1 กันยายน 2566,91,9,1
ตรวจสลากกินแบ่งรัฐบาล ตรวจหวย 16 สิงหาคม 2566,67,6,7
ตรวจสลากกินแบ่งรัฐบาล ตรวจหวย 31 กรกฎาคม 2566,11,1,1
ตรวจสลากกินแบ่งรัฐบาล ตรวจหวย 16 กรกฎาคม 2566,62,6,2
ตรวจสลากกินแบ่งรัฐบาล ตรวจหวย 1 กรกฎาคม 2566,16,1,6
ตรวจสลากกินแบ่งรัฐบาล ตรวจหวย 16 มิถุนายน 2566,30,3,0
ตรวจสลากกินแบ่งรัฐบาล ตรวจหวย 1 มิถุนายน 2566,9,0,9
ตรวจสลากกินแบ่งรัฐบาล ตรวจหวย 16 พฤษภาคม 2566,99,9,9
ตรวจสลากกินแบ่งรัฐบาล ตรวจหวย 2 พฤษภาคม 2566,65,6,5
ตรวจสลากกินแบ่งรัฐบาล ตรวจหวย 16 เมษายน 2566,71,7,1
ตรวจสลากกินแบ่งรัฐบาล ตรวจหวย 1 เมษายน 2566,99,9,9
ตรวจสลากกินแบ่งรัฐบาล ตรวจหวย 16 มีนาคม 2566,73,7,3
ตรวจสลากกินแบ่งรัฐบาล ตรวจหวย 1 มีนาคม 2566,55,5,5
ตรวจสลากกินแบ่งรัฐบาล ตรวจหวย 16 กุมภาพันธ์ 2566,80,8,0
ตรวจสลากกินแบ่งรัฐบาล ตรวจหวย 1 กุมภาพันธ์ 2566,92,9,2
ตรวจสลากกินแบ่งรัฐบาล ตรวจหวย 17 มกราคม 2566,47,4,7
ตรวจสลากกินแบ่งรัฐบาล ตรวจหวย 30 ธันวาคม 2565,58,5,8
ตรวจสลากกินแบ่งรัฐบาล ตรวจหวย 16 ธันวาคม 2565,14,1,4
ตรวจสลากกินแบ่งรัฐบาล ตรวจหวย 1 ธันวาคม 2565,8,0,8
ตรวจสลากกินแบ่งรัฐบาล ตรวจหวย 16 พฤศจิกายน 2565,64,6,4
ตรวจสลากกินแบ่งรัฐบาล ตรวจหวย 1 พฤศจิกายน 2565,70,7,0
ตรวจสลากกินแบ่งรัฐบาล ตรวจหวย 16 ตุลาคม 2565,15,1,5
ตรวจสลากกินแบ่งรัฐบาล ตรวจหวย 1 ตุลาคม 2565,50,5,0
ตรวจสลากกินแบ่งรัฐบาล ตรวจหวย 16 กันยายน 2565,75,7,5
ตรวจสลากกินแบ่งรัฐบาล ตรวจหวย 1 กันยายน 2565,83,8,3
ตรวจสลากกินแบ่งรัฐบาล ตรวจหวย 16 สิงหาคม 2565,42,4,2
ตรวจสลากกินแบ่งรัฐบาล ตรวจหวย 1 สิงหาคม 2565,14,1,4
ตรวจสลากกินแบ่งรัฐบาล ตรวจหวย 16 กรกฎาคม 2565,53,5,3
ตรวจสลากกินแบ่งรัฐบาล ตรวจหวย 1 กรกฎาคม 2565,61,6,1
ตรวจสลากกินแบ่งรัฐบาล ตรวจหวย 16 มิถุนายน 2565,92,9,2
ตรวจสลากกินแบ่งรัฐบาล ตรวจหวย 1 มิถุนายน 2565,2,0,2
ตรวจสลากกินแบ่งรัฐบาล ตรวจหวย 16 พฤษภาคม 2565,6,0,6
ตรวจสลากกินแบ่งรัฐบาล ตรวจหวย 2 พฤษภาคม 2565,9,0,9
ตรวจสลากกินแบ่งรัฐบาล ตรวจหวย 16 เมษายน 2565,58,5,8
ตรวจสลากกินแบ่งรัฐบาล ตรวจหวย 1 เมษายน 2565,10,1,0
ตรวจสลากกินแบ่งรัฐบาล ตรวจหวย 16 มีนาคม 2565,3,0,3
ตรวจสลากกินแบ่งรัฐบาล ตรวจหวย 1 มีนาคม 2565,7,0,7
ตรวจสลากกินแบ่งรัฐบาล ตรวจหวย 17 กุมภาพันธ์ 2565,57,5,7
ตรวจสลากกินแบ่งรัฐบาล ตรวจหวย 1 กุมภาพันธ์ 2565,30,3,0
ตรวจสลากกินแบ่งรัฐบาล ตรวจหวย 17 มกราคม 2565,92,9,2
ตรวจสลากกินแบ่งรัฐบาล ตรวจหวย 30 ธันวาคม 2564,36,3,6
ตรวจสลากกินแบ่งรัฐบาล ตรวจหวย 16 ธันวาคม 2564,83,8,3
ตรวจสลากกินแบ่งรัฐบาล ตรวจหวย 1 ธันวาคม 2564,82,8,2
ตรวจสลากกินแบ่งรัฐบาล ตรวจหวย 16 พฤศจิกายน 2564,57,5,7
ตรวจสลากกินแบ่งรัฐบาล ตรวจหวย 1 พฤศจิกายน 2564,95,9,5
ตรวจสลากกินแบ่งรัฐบาล ตรวจหวย 16 ตุลาคม 2564,38,3,8
ตรวจสลากกินแบ่งรัฐบาล ตรวจหวย 1 ตุลาคม 2564,83,8,3
ตรวจสลากกินแบ่งรัฐบาล ตรวจหวย 16 กันยายน 2564,90,9,0
ตรวจสลากกินแบ่งรัฐบาล ตรวจหวย 1 กันยายน 2564,79,7,9
ตรวจสลากกินแบ่งรัฐบาล ตรวจหวย 16 สิงหาคม 2564,23,2,3
ตรวจสลากกินแบ่งรัฐบาล ตรวจหวย 1 สิงหาคม 2564,69,6,9
ตรวจสลากกินแบ่งรัฐบาล ตรวจหวย 16 กรกฎาคม 2564,70,7,0
ตรวจสลากกินแบ่งรัฐบาล ตรวจหวย 1 กรกฎาคม 2564,29,2,9
ตรวจสลากกินแบ่งรัฐบาล ตรวจหวย 16 มิถุนายน 2564,17,1,7
ตรวจสลากกินแบ่งรัฐบาล ตรวจหวย 1 มิถุนายน 2564,45,4,5
ตรวจสลากกินแบ่งรัฐบาล ตรวจหวย 16 พฤษภาคม 2564,14,1,4
ตรวจสลากกินแบ่งรัฐบาล ตรวจหวย 2 พฤษภาคม 2564,18,1,8
ตรวจสลากกินแบ่งรัฐบาล ตรวจหวย 16 เมษายน 2564,56,5,6
ตรวจสลากกินแบ่งรัฐบาล ตรวจหวย 1 เมษายน 2564,5,0,5
ตรวจสลากกินแบ่งรัฐบาล ตรวจหวย 16 มีนาคม 2564,19,1,9
ตรวจสลากกินแบ่งรัฐบาล ตรวจหวย 1 มีนาคม 2564,73,7,3
ตรวจสลากกินแบ่งรัฐบาล ตรวจหวย 16 กุมภาพันธ์ 2564,39,3,9
ตรวจสลากกินแบ่งรัฐบาล ตรวจหวย 1 กุมภาพันธ์ 2564,97,9,7
ตรวจสลากกินแบ่งรัฐบาล ตรวจหวย 17 มกราคม 2564,15,1,5
ตรวจสลากกินแบ่งรัฐบาล ตรวจหวย 30 ธันวาคม 2563,19,1,9
ตรวจสลากกินแบ่งรัฐบาล ตรวจหวย 16 ธันวาคม 2563,70,7,0
ตรวจสลากกินแบ่งรัฐบาล ตรวจหวย 1 ธันวาคม 2563,84,8,4
ตรวจสลากกินแบ่งรัฐบาล ตรวจหวย 16 พฤศจิกายน 2563,46,4,6
ตรวจสลากกินแบ่งรัฐบาล ตรวจหวย 1 พฤศจิกายน 2563,40,4,0
ตรวจสลากกินแบ่งรัฐบาล ตรวจหวย 16 ตุลาคม 2563,38,3,8
ตรวจสลากกินแบ่งรัฐบาล ตรวจหวย 1 ตุลาคม 2563,59,5,9
ตรวจสลากกินแบ่งรัฐบาล ตรวจหวย 16 กันยายน 2563,57,5,7
ตรวจสลากกินแบ่งรัฐบาล ตรวจหวย 1 กันยายน 2563,98,9,8
ตรวจสลากกินแบ่งรัฐบาล ตรวจหวย 16 สิงหาคม 2563,88,8,8
ตรวจสลากกินแบ่งรัฐบาล ตรวจหวย 1 สิงหาคม 2563,92,9,2
ตรวจสลากกินแบ่งรัฐบาล ตรวจหวย 16 กรกฎาคม 2563,53,5,3
ตรวจสลากกินแบ่งรัฐบาล ตรวจหวย 1 กรกฎาคม 2563,83,8,3
ตรวจสลากกินแบ่งรัฐบาล ตรวจหวย 16 มิถุนายน 2563,64,6,4
ตรวจสลากกินแบ่งรัฐบาล ตรวจหวย 1 มิถุนายน 2563,24,2,4
ตรวจสลากกินแบ่งรัฐบาล ตรวจหวย 16 พฤษภาคม 2563,22,2,2
ตรวจสลากกินแบ่งรัฐบาล ตรวจหวย 1 เมษายน 2563,22,2,2
ตรวจสลากกินแบ่งรัฐบาล ตรวจหวย 16 มีนาคม 2563,77,7,7
ตรวจสลากกินแบ่งรัฐบาล ตรวจหวย 1 มีนาคม 2563,98,9,8
ตรวจสลากกินแบ่งรัฐบาล ตรวจหวย 16 กุมภาพันธ์ 2563,94,9,4
ตรวจสลากกินแบ่งรัฐบาล ตรวจหวย 1 กุมภาพันธ์ 2563,6,0,6
ตรวจสลากกินแบ่งรัฐบาล ตรวจหวย 17 มกราคม 2563,68,6,8
ตรวจสลากกินแบ่งรัฐบาล ตรวจหวย 30 ธันวาคม 2562,81,8,1
ตรวจสลากกินแบ่งรัฐบาล ตรวจหวย 16 ธันวาคม 2562,97,9,7
ตรวจสลากกินแบ่งรัฐบาล ตรวจหวย 1 ธันวาคม 2562,81,8,1
ตรวจสลากกินแบ่งรัฐบาล ตรวจหวย 16 พฤศจิกายน 2562,32,3,2
ตรวจสลากกินแบ่งรัฐบาล ตรวจหวย 1 พฤศจิกายน 2562,79,7,9
ตรวจสลากกินแบ่งรัฐบาล ตรวจหวย 16 ตุลาคม 2562,15,1,5
ตรวจสลากกินแบ่งรัฐบาล ตรวจหวย 1 ตุลาคม 2562,59,5,9
ตรวจสลากกินแบ่งรัฐบาล ตรวจหวย 16 กันยายน 2562,85,8,5
ตรวจสลากกินแบ่งรัฐบาล ตรวจหวย 1 กันยายน 2562,20,2,0
ตรวจสลากกินแบ่งรัฐบาล ตรวจหวย 16 สิงหาคม 2562,89,8,9
ตรวจสลากกินแบ่งรัฐบาล ตรวจหวย 1 สิงหาคม 2562,58,5,8
ตรวจสลากกินแบ่งรัฐบาล ตรวจหวย 15 กรกฎาคม 2562,88,8,8
ตรวจสลากกินแบ่งรัฐบาล ตรวจหวย 1 กรกฎาคม 2562,86,8,6
ตรวจสลากกินแบ่งรัฐบาล ตรวจหวย 16 มิถุนายน 2562,29,2,9
ตรวจสลากกินแบ่งรัฐบาล ตรวจหวย 1 มิถุนายน 2562,46,4,6
ตรวจสลากกินแบ่งรัฐบาล ตรวจหวย 16 พฤษภาคม 2562,71,7,1
ตรวจสลากกินแบ่งรัฐบาล ตรวจหวย 2 พฤษภาคม 2562,25,2,5
ตรวจสลากกินแบ่งรัฐบาล ตรวจหวย 16 เมษายน 2562,23,2,3
ตรวจสลากกินแบ่งรัฐบาล ตรวจหวย 1 เมษายน 2562,52,5,2
ตรวจสลากกินแบ่งรัฐบาล ตรวจหวย 16 มีนาคม 2562,64,6,4
ตรวจสลากกินแบ่งรัฐบาล ตรวจหวย 1 มีนาคม 2562,65,6,5
ตรวจสลากกินแบ่งรัฐบาล ตรวจหวย 16 กุมภาพันธ์ 2562,56,5,6
ตรวจสลากกินแบ่งรัฐบาล ตรวจหวย 1 กุมภาพันธ์ 2562,4,0,4
ตรวจสลากกินแบ่งรัฐบาล ตรวจหวย 17 มกราคม 2562,65,6,5
ตรวจสลากกินแบ่งรัฐบาล ตรวจหวย 30 ธันวาคม 2561,2,0,2
ตรวจสลากกินแบ่งรัฐบาล ตรวจหวย 16 ธันวาคม 2561,62,6,2
ตรวจสลากกินแบ่งรัฐบาล ตรวจหวย 1 ธันวาคม 2561,67,6,7
ตรวจสลากกินแบ่งรัฐบาล ตรวจหวย 16 พฤศจิกายน 2561,16,1,6
ตรวจสลากกินแบ่งรัฐบาล ตรวจหวย 1 พฤศจิกายน 2561,58,5,8
ตรวจสลากกินแบ่งรัฐบาล ตรวจหวย 16 ตุลาคม 2561,93,9,3
ตรวจสลากกินแบ่งรัฐบาล ตรวจหวย 1 ตุลาคม 2561,99,9,9
ตรวจสลากกินแบ่งรัฐบาล ตรวจหวย 16 กันยายน 2561,79,7,9
ตรวจสลากกินแบ่งรัฐบาล ตรวจหวย 1 กันยายน 2561,26,2,6
ตรวจสลากกินแบ่งรัฐบาล ตรวจหวย 16 สิงหาคม 2561,10,1,0
ตรวจสลากกินแบ่งรัฐบาล ตรวจหวย 1 สิงหาคม 2561,78,7,8
ตรวจสลากกินแบ่งรัฐบาล ตรวจหวย 16 กรกฎาคม 2561,27,2,7
ตรวจสลากกินแบ่งรัฐบาล ตรวจหวย 1 กรกฎาคม 2561,83,8,3
ตรวจสลากกินแบ่งรัฐบาล ตรวจหวย 16 มิถุนายน 2561,46,4,6
ตรวจสลากกินแบ่งรัฐบาล ตรวจหวย 1 มิถุนายน 2561,95,9,5
ตรวจสลากกินแบ่งรัฐบาล ตรวจหวย 16 พฤษภาคม 2561,20,2,0
ตรวจสลากกินแบ่งรัฐบาล ตรวจหวย 2 พฤษภาคม 2561,85,8,5
ตรวจสลากกินแบ่งรัฐบาล ตรวจหวย 16 เมษายน 2561,60,6,0
ตรวจสลากกินแบ่งรัฐบาล ตรวจหวย 1 เมษายน 2561,85,8,5
ตรวจสลากกินแบ่งรัฐบาล ตรวจหวย 16 มีนาคม 2561,82,8,2
ตรวจสลากกินแบ่งรัฐบาล ตรวจหวย 2 มีนาคม 2561,29,2,9
